article_id,title,content
1,A Deep-Sea Magma Monster Gets a Body Scan,"Scientists recently conducted a body scan of a deep-sea magma formation, uncovering intricate volcanic activity and unique forms of marine life thriving in high-temperature ecosystems. This cutting-edge research involved advanced sonar and imaging techniques, allowing researchers to examine the lava structures and the surprisingly diverse species adapted to these extreme environments. Discoveries from such studies could enhance our understanding of how life can exist in hostile conditions, which has implications for life beyond Earth, especially in places with similar geothermal features like Jupiter’s moon Europa."
2,Exploring the Mysterious Ecosystems Around Underwater Volcanoes,"Underwater volcanoes create rich ecosystems that support life in extreme conditions. The heated water and minerals released by these volcanic vents provide a unique environment for organisms, some of which thrive solely on chemical energy rather than sunlight. Recent studies have revealed new species that are adapted to the high temperatures and pressures of these deep-sea habitats, sparking interest among scientists studying extremophiles. These findings offer valuable insights into biodiversity and resilience, showing how life might survive on other planets or moons with similar underwater volcanic systems."
3,New Discoveries in Deep-Sea Thermal Vents Could Change Our Understanding of Marine Life,"Thermal vents in the deep ocean release superheated water rich in minerals, forming an ideal habitat for previously unknown organisms. Recent expeditions to these vent systems have led to the discovery of unique species that use chemosynthesis to produce energy, unlike most other life forms that rely on photosynthesis. Researchers believe these organisms could hold answers to longstanding questions about life's adaptability and evolution, especially in hostile environments. The study of these species may also offer insights into early Earth conditions and the potential for life on planets with similar geothermal features."
4,How Submarine Volcanoes Shape Ocean Biodiversity,"Submarine volcanoes have a substantial impact on ocean biodiversity, as they form new habitats and release nutrients essential for marine organisms. When these volcanoes erupt, they create underwater structures like ridges and hydrothermal vents that foster unique ecosystems. Some species, including certain bacteria, can only exist in these extreme habitats, where they convert chemicals from volcanic gases into energy. By studying these systems, scientists hope to understand the origins and resilience of life in extreme conditions. Such research also provides clues about how volcanic activity might shape life on other planets with active geothermal areas."
5,Scientists Map an Ancient Underwater Lava Field to Understand Volcanic Activity,"Using advanced sonar and mapping technology, scientists have uncovered a vast, ancient lava field deep beneath the ocean’s surface. This volcanic field, estimated to be thousands of years old, provides valuable data on Earth’s geological history and the formation of oceanic crust. By analyzing the rock composition and structure, researchers are piecing together a timeline of volcanic activity, helping to predict future eruptions. This mapping effort offers insights into how deep-sea geology influences ocean ecosystems, potentially providing a roadmap for studying underwater volcanic sites on other planets or moons."
6,Renault and Nissan Try a New Way After Years When Carlos Ghosn Ruled,"Renault and Nissan are exploring a new partnership approach after years under Carlos Ghosn’s leadership. The companies have shifted away from a centralized decision-making model to focus on independent strategies that allow each brand to innovate and respond to market needs. Under Ghosn, Renault and Nissan achieved impressive growth, but recent years have posed new challenges due to evolving market dynamics, including the rise of electric vehicles and changing consumer preferences. Their latest strategy aims to balance collaboration with flexibility, hoping to maintain their alliance while allowing each brand to compete effectively."
7,Ford and Volkswagen Join Forces to Push Electric Vehicle Development,"Ford and Volkswagen have teamed up to accelerate electric vehicle development in a global effort to meet rising demand for cleaner transportation. This alliance involves sharing technology, including battery systems and electric vehicle platforms, which is expected to cut costs and speed up production timelines. As governments worldwide enforce stricter emission standards, both companies see electrification as the future of the auto industry. This partnership also represents a broader trend of car manufacturers collaborating to overcome challenges in transitioning to sustainable technologies while remaining competitive in the rapidly evolving automotive market."
8,The Impact of Leadership Changes on the Auto Industry,"Leadership changes within the auto industry often reshape the strategies and market approaches of companies. When high-level executives are replaced, it can lead to shifts in focus, such as moving towards electric and autonomous vehicles or prioritizing efficiency over expansion. For example, recent CEO transitions at major companies have resulted in an accelerated push toward digital transformation and sustainability. These changes, while sometimes disruptive, can drive innovation as new leaders bring fresh perspectives to longstanding challenges, enabling companies to remain competitive in a fast-evolving marketplace influenced by technology and changing consumer expectations."
9,Mitsubishi and Nissan Explore New Synergies Amid Changing Market,"In a bid to strengthen their positions in a rapidly changing market, Mitsubishi and Nissan are seeking new synergies to improve efficiency and reduce costs. By pooling resources and leveraging each other’s expertise, the companies aim to advance in areas like electric vehicle production and shared mobility services. This collaboration is particularly significant as both companies face competitive pressure from rivals investing heavily in electric vehicles. Through shared development and production, Mitsubishi and Nissan hope to meet the demand for greener transportation options while remaining agile and financially sustainable amid industry shifts."
10,Carlos Ghosn's Legacy: How Renault and Nissan Are Redefining Their Partnership,"Following the leadership of Carlos Ghosn, Renault and Nissan are redefining their partnership to align with changing market demands. Ghosn’s influence was instrumental in creating one of the auto industry’s most powerful alliances, but recent events have necessitated a re-evaluation of their collaboration model. The companies are now pursuing a balanced approach that retains cooperative projects but allows each brand more independence. This transition reflects broader industry trends where manufacturers seek flexibility in responding to rapid technological advancements and consumer shifts, especially with the rise of electric and autonomous vehicles."
11,Dominic Thiem Beats Rafael Nadal in Australian Open Quarterfinal,"In a thrilling Australian Open quarterfinal, Dominic Thiem emerged victorious over Rafael Nadal, delivering one of the tournament’s most intense matches. The win was a significant achievement for Thiem, marking his first triumph against Nadal in a Grand Slam. The match showcased Thiem’s resilience and skill, with both players exchanging powerful shots and impressive rallies. Nadal, a long-time favorite, was gracious in defeat, praising Thiem’s performance. This victory has positioned Thiem as a serious contender for the championship, exciting tennis fans worldwide and highlighting the depth of talent in men’s tennis today."
12,Roger Federer Advances to Wimbledon Semifinals After Thrilling Five-Set Match,"Roger Federer secured his place in the Wimbledon semifinals after an intense five-set match that kept fans on the edge of their seats. Facing a tough opponent, Federer displayed his trademark finesse and endurance, pulling through after a grueling game. His victory at this stage in his career reinforces his legacy as one of tennis’s all-time greats. Federer’s journey through Wimbledon is closely followed by fans and analysts alike, as they witness his continued excellence and dedication to the sport, even amid fierce competition from younger players in the tennis world."
13,Naomi Osaka Defeats Serena Williams in a Spectacular US Open Showdown,"In a dramatic US Open match, Naomi Osaka defeated Serena Williams, earning a spot in the finals and adding to her impressive record. The game was filled with intense rallies, showcasing both players' strengths and strategies. Osaka's victory is seen as a milestone, marking her as a rising star in women’s tennis and one of the few who can challenge seasoned players like Williams. Williams graciously praised Osaka’s skill and determination, acknowledging the new generation of talent emerging in the sport. The match has sparked discussions about the future of women’s tennis."
14,Djokovic’s Comeback in the Grand Slam Final Shocks Tennis Fans,"Novak Djokovic staged a remarkable comeback in the Grand Slam final, leaving tennis fans in awe. His opponent had dominated the early sets, but Djokovic’s tenacity and strategic adjustments allowed him to clinch victory. This win adds another Grand Slam title to his record, solidifying his place among tennis’s elite. The match was a display of mental and physical endurance, with Djokovic overcoming significant challenges to secure the win. His performance is widely celebrated as one of the sport’s greatest comebacks, inspiring fans and fellow athletes around the world."
15,Rafael Nadal Talks About His Rivalry with Roger Federer,"Rafael Nadal recently shared his thoughts on his legendary rivalry with Roger Federer, reflecting on the mutual respect and competition they share. Both players have pushed each other to reach new heights, with fans often divided over who is the greater champion. Nadal spoke about how their matches have defined modern tennis and shaped both of their careers. Despite the rivalry, Nadal highlighted their friendship and the admiration they hold for each other’s achievements. This unique relationship has captivated tennis enthusiasts, who regard their encounters as some of the sport’s most memorable moments."
16,NASA's Mars Rover Begins Its Journey to Uncover Signs of Past Life,"NASA's latest Mars rover has set out to explore the Red Planet in search of ancient microbial life. Equipped with advanced tools, the rover will analyze soil and rock samples for signs of past water activity and biological compounds. This mission marks a significant step in space exploration, aiming to uncover clues about Mars's habitability millions of years ago. If successful, these findings could shape our understanding of life beyond Earth and potentially inform future missions to other planets in our solar system."
17,Quantum Computing: How It Will Revolutionize Technology in the Next Decade,"Quantum computing, a groundbreaking technology, is poised to revolutionize various industries by enabling complex calculations that classical computers cannot handle. This technology uses quantum bits, or qubits, which can process vast amounts of data simultaneously. Companies and researchers anticipate applications in cryptography, drug discovery, and artificial intelligence, where quantum computers could solve problems previously thought impossible. As leading tech firms invest in quantum research, the field is expected to mature within the next decade, bringing transformative changes to industries ranging from finance to healthcare."
18,Researchers Develop AI That Can Predict Volcanic Eruptions Days in Advance,"Scientists have created an artificial intelligence system capable of predicting volcanic eruptions days before they happen. By analyzing seismic data and monitoring changes in gas emissions, the AI can detect early warning signs that human observers might miss. This predictive tool could save lives by allowing more time for evacuations and preparedness. The technology is being tested on active volcanoes around the world, and early results show promising accuracy. If widely adopted, AI-driven prediction models could transform disaster management for communities near volcanoes."
19,Global Trade Tensions Rise as the U.S. Imposes New Tariffs on Chinese Imports,"The U.S. has imposed new tariffs on Chinese goods, escalating tensions between the two economic superpowers. These tariffs, targeting various products, aim to reduce the trade deficit but have sparked concerns among businesses that rely on Chinese imports. The trade dispute has affected global markets, with companies caught in the crossfire facing increased costs and supply chain disruptions. Economists worry that prolonged tensions could slow down the global economy, as both countries seek to protect their interests amid shifting economic policies and rising nationalism."
20,The Rise of Electric Vehicles and Their Impact on Global Oil Demand,"The surge in electric vehicle (EV) adoption is significantly impacting global oil demand, with more consumers and governments opting for cleaner transportation options. As countries implement stricter emissions regulations, the EV market has experienced rapid growth, which is expected to continue. Major automakers are investing heavily in EV production to meet the demand. Analysts predict that this shift could lead to a gradual decline in oil demand, prompting oil-producing nations to diversify their economies. The rise of EVs marks a pivotal moment in the transition toward a more sustainable energy future."
21,How the Pandemic Has Accelerated the Shift to Remote Work,"The COVID-19 pandemic has accelerated the shift to remote work, with companies adopting flexible work-from-home policies to adapt to new health guidelines. This trend has transformed traditional office dynamics, leading to increased investments in digital tools and virtual collaboration platforms. Employees have experienced greater work-life balance, though some report challenges with isolation and productivity. As businesses recognize the benefits, many are considering permanent remote work options, which could reshape the future of work. Experts believe that this shift could have lasting effects on corporate culture and urban development."
22,A Breakthrough in Gene Therapy: Could It Cure Inherited Diseases?,"Gene therapy has shown promising results in treating inherited diseases, offering hope to millions affected by genetic disorders. By delivering healthy genes to replace or repair faulty ones, gene therapy aims to address the root causes of conditions such as cystic fibrosis and muscular dystrophy. Recent clinical trials have demonstrated significant progress, with some patients experiencing improved health and quality of life. While challenges remain, including cost and accessibility, gene therapy's potential to provide lasting cures is driving intense research and investment, marking a new era in personalized medicine."
23,The Changing Face of Hollywood as Streaming Platforms Dominate the Industry,"Streaming platforms have transformed Hollywood, shifting viewership from traditional cinemas to home screens. Companies like Netflix, Amazon Prime, and Disney+ are investing heavily in original content, drawing top talent and redefining entertainment production and distribution. This shift has altered how movies and shows are released, with more projects bypassing theaters altogether. Industry experts see streaming as the future, with studios adapting to this model by releasing exclusive content to attract subscribers. This evolution reflects broader changes in consumer habits and technological advancements in the entertainment sector."
24,Athletes Around the World Prepare for the Next Olympic Games Amid Uncertainty,"As the next Olympic Games approach, athletes worldwide are training under unprecedented uncertainty due to pandemic-related disruptions. While organizers are committed to hosting the event, strict health protocols and potential travel restrictions have raised concerns. Athletes must adapt their routines and stay resilient despite the possibility of canceled or delayed competitions. For many, the Olympics represent a lifelong dream, and the uncertainty adds an emotional and logistical challenge to their preparation. Fans and athletes alike are hoping for a safe and successful event that will celebrate the spirit of international sports."
25,Inside the Life of a Wall Street Banker: High Risks-High Rewards,"The life of a Wall Street banker is marked by long hours, intense pressure, and the potential for high financial rewards. Bankers face daily challenges in trading, deal-making, and financial analysis, with stakes often reaching billions of dollars. While the career can be lucrative, it demands a high level of commitment and resilience. Many bankers describe the environment as both exhilarating and exhausting, where success requires quick thinking and adaptability. This high-risk, high-reward lifestyle continues to attract ambitious professionals despite the demanding nature of the job."
26,Scientists Discover New Exoplanet That Could Potentially Support Life,"Astronomers have discovered a new exoplanet in a distant star system that appears to have conditions suitable for life. This planet, located within the habitable zone of its star, could have liquid water and an atmosphere that supports life. Scientists are using advanced telescopes to study its composition and climate. This discovery adds to the growing list of exoplanets that may be capable of sustaining life, sparking excitement about the possibility of finding extraterrestrial organisms. Further observations will determine if this planet has the conditions necessary for biological activity."
27,Apple and Google Partner to Develop Contact-Tracing Technology,"In response to the COVID-19 pandemic, tech giants Apple and Google have collaborated to develop contact-tracing technology designed to track virus exposure. This technology uses Bluetooth to anonymously alert individuals if they have been in close contact with someone who tested positive. The partnership aims to aid public health efforts while protecting user privacy. While some governments have adopted the technology, concerns about data security and effectiveness remain. This collaboration highlights the role of technology in managing public health crises and showcases the potential for tech companies to contribute to societal challenges."
28,Historic Global Agreement Reached to Combat Climate Change,"In a landmark decision, global leaders have reached an agreement to combat climate change, pledging to reduce greenhouse gas emissions and transition to renewable energy sources. This agreement, hailed as a major victory for environmental advocates, includes commitments from major economies to cut carbon output and invest in sustainable technology. The pact aims to limit global warming to well below 2 degrees Celsius. While challenges remain, including securing funding and ensuring compliance, the agreement marks a critical step in addressing climate issues and promoting a cleaner, more sustainable future for the planet."
29,The Future of Cryptocurrency: How Bitcoin Could Become the New Gold Standard,"Bitcoin, the leading cryptocurrency, is increasingly being viewed as a digital alternative to gold, especially as investors seek safe-haven assets in uncertain times. With its decentralized nature and limited supply, Bitcoin has gained popularity as a store of value and hedge against inflation. Financial analysts are divided on whether Bitcoin will achieve mainstream adoption, but its potential to disrupt traditional financial systems is undeniable. As more companies and individuals adopt cryptocurrency, Bitcoin could play a central role in the global economy, reshaping how wealth is stored and transferred."
30,Breakthrough in Alzheimer's Research Offers Hope for Millions,"Recent Alzheimer's research has made significant progress toward understanding the disease and developing effective treatments. Scientists have identified proteins that play a key role in the disease's progression, and new drug trials show promise in slowing cognitive decline. These advancements bring hope to millions affected by Alzheimer's and could lead to breakthroughs in other neurodegenerative disorders. Researchers are optimistic that these findings may lead to therapies that not only manage symptoms but potentially halt or reverse the disease. The global medical community views this as a major step forward in Alzheimer's treatment."
